{"cameraMode":{"drawMode":0,"name":"Shaded","section":"Shading Mode"},"sceneLighting":false,"audioPlay":false,"sceneViewState":{"showFog":true,"showMaterialUpdate":false,"showSkybox":false,"showFlares":true,"showImageEffects":true,"showParticleSystems":true},"in2DMode":false,"pivot":{"x":2.474331855773926,"y":0.5352692604064941,"z":1.7100000381469727},"rotation":{"x":-0.07327426224946976,"y":-0.6445812582969666,"z":0.06227246671915054,"w":-0.758470892906189},"size":1.714730143547058,"orthographic":false}